original_feature,feature_name,coefficient,abs_coefficient,p_value,confint_lb,confint_ub,pseudo_r2,individual_auc,individual_log_loss
num_lab_procedures,num_lab_procedures,0.010596865399345297,0.010596865399345297,0.2215936393530673,-0.006395362369845302,0.027589093168535896,0.000820026279427899,0.5195848846027097,0.6925787816563748
num_procedures,num_procedures,-0.005507354155722417,0.005507354155722417,0.5738834707105509,-0.02470269408525888,0.013687985773814047,4.727771544821291e-05,0.502764921741293,0.693114410144779
num_medications,num_medications,0.05475537881351417,0.05475537881351417,3.584974230808058e-07,0.03367166636340082,0.07583909126362753,0.004040151608053155,0.5419847044533223,0.6903467608637885
number_diagnoses,number_diagnoses,0.047277640925828396,0.047277640925828396,4.330401591756683e-06,0.027112166633486586,0.0674431152181702,0.005192618592529619,0.542541788563056,0.6895479316228103
number_outpatient,number_outpatient,0.00021087469459795164,0.00021087469459795164,0.9782405933422458,-0.014942762335779822,0.015364511724975726,0.0012356468120059416,0.5188437277569716,0.6922906954560355
number_emergency,number_emergency,0.07989593360254219,0.07989593360254219,0.0,0.06528963302240919,0.09450223418267518,0.0068162302540878406,0.5304510625812388,0.6884225297772769
number_inpatient,number_inpatient,0.3408597278071848,0.3408597278071848,0.0,0.3259474691119115,0.3557719865024581,0.03544359011926079,0.6075201328119353,0.6685795559998573
time_in_hospital,time_in_hospital,0.0021570541573185924,0.0021570541573185924,0.8283710964968725,-0.017344653857870138,0.021658762172507326,0.004462098421887939,0.5452368687267768,0.6900542896194327
admission_type_id,admission_type_id_2,0.015739337879069518,0.015739337879069518,0.5945867615589737,-0.042225363634462935,0.07370403939260198,1.5584013762781623e-06,0.5005673449986341,0.6931461003584252
admission_type_id,admission_type_id_3,-0.03906620999296229,0.03906620999296229,0.26205629712631184,-0.10733723954760532,0.029204819561680744,0.00025193484756591555,0.5071675628195186,0.6929725526306701
admission_type_id,admission_type_id_4,0.000100411901195485,0.000100411901195485,0.999894507033483,-1.4884206730799399,1.488621496882331,0.0,0.5,0.6931471805599453
admission_type_id,admission_type_id_5,-0.058270570415844755,0.058270570415844755,0.26655174172042795,-0.16106550570275846,0.04452436487106895,0.00016192124934910623,0.5030924838318834,0.6930349453024862
admission_type_id,admission_type_id_6,0.21175600025573033,0.21175600025573033,4.800633119916853e-06,0.1210095566695874,0.30250244384187325,8.223682381292008e-06,0.5007563119665501,0.6931414803376889
admission_type_id,admission_type_id_7,-8.566219902012104e-05,8.566219902012104e-05,0.9999112887388428,-1.5101789310096652,1.5100076066116248,0.0,0.5,0.6931471805599453
admission_type_id,admission_type_id_8,-1.4883042084698736e-06,1.4883042084698736e-06,0.9999916845448165,-0.27989896911209855,0.2798959925036816,4.099109040411886e-05,0.500400365321641,0.6931187677012036
discharge_disposition_id,discharge_disposition_id_2,0.5445431434601462,0.5445431434601462,0.0,0.4484841487040998,0.6406021382161926,0.0008241077845265732,0.5052859236009786,0.6925759525726232
discharge_disposition_id,discharge_disposition_id_3,0.37194238610085506,0.37194238610085506,0.0,0.323600339020551,0.4202844331811591,0.002929266281877063,0.523013995420616,0.6911167678955529
discharge_disposition_id,discharge_disposition_id_4,0.11499557968776411,0.11499557968776411,0.1553844012436434,-0.04364296284313113,0.27363412221865935,1.9402761665232582e-05,0.5004729579904614,0.6931337315904019
discharge_disposition_id,discharge_disposition_id_5,0.9985819709298237,0.9985819709298237,0.0,0.8763273526925291,1.1208365891671184,0.0016469266019748519,0.5059957403643661,0.6920056180291972
discharge_disposition_id,discharge_disposition_id_6,0.16669159900161346,0.16669159900161346,3.2152058793144533e-12,0.11981083610624807,0.21357236189697884,0.0006141750340407093,0.5099400961940149,0.6927214668667296
discharge_disposition_id,discharge_disposition_id_7,0.20875895472363673,0.20875895472363673,0.022227784196293898,0.02981002323754392,0.3877078862097295,8.082396121555924e-05,0.5008737275915847,0.693091157659107
discharge_disposition_id,discharge_disposition_id_8,0.026515085234096476,0.026515085234096476,0.9049528663031785,-0.4087123256512471,0.46174249611944,0.0,0.5,0.6931471805599453
discharge_disposition_id,discharge_disposition_id_9,0.21081268305296832,0.21081268305296832,0.5294778250109009,-0.4462920923492998,0.8679174584552364,0.00018098968082436162,0.5003737135030573,0.6930217280729715
discharge_disposition_id,discharge_disposition_id_10,3.939851331442956e-05,3.939851331442956e-05,0.9999773335170314,-2.7182081370970224,2.7182869341236513,0.0,0.5,0.6931471805599453
discharge_disposition_id,discharge_disposition_id_11,-3.544378897176841,3.544378897176841,0.0,-3.966621575730053,-3.122136218623629,0.008982112464320124,0.5091286307053942,0.6869212546298294
discharge_disposition_id,discharge_disposition_id_12,0.0005948750299901826,0.0005948750299901826,0.9992798680107529,-1.2912396422932686,1.292429392353249,0.0,0.5,0.6931471805599453
discharge_disposition_id,discharge_disposition_id_13,-0.7343419099011264,0.7343419099011264,8.669443429809576e-08,-1.0032150946749676,-0.4654687251272851,0.0002767206798166555,0.5010713161257284,0.6929553724009277
discharge_disposition_id,discharge_disposition_id_14,-0.5673743764584743,0.5673743764584743,4.212740970643836e-05,-0.8388897670978221,-0.29585898581912656,0.00015947647067882098,0.5007946572628809,0.6930366398939286
discharge_disposition_id,discharge_disposition_id_15,0.7510234158347525,0.7510234158347525,0.0008841991696688645,0.30833229823176816,1.1937145334377368,0.0004422010795921416,0.5008166506792509,0.6928406701283855
discharge_disposition_id,discharge_disposition_id_16,1.6844095109236394e-05,1.6844095109236394e-05,0.9999838569418558,-1.6317390159979326,1.631772704188151,0.0,0.5,0.6931471805599453
discharge_disposition_id,discharge_disposition_id_17,-0.000537987517686681,0.000537987517686681,0.9994574185459117,-1.5511406590071357,1.5500646839717622,0.0,0.5,0.6931471805599453
discharge_disposition_id,discharge_disposition_id_18,0.3369002946995715,0.3369002946995715,2.220446049250313e-16,0.2564849409254841,0.41731564847365893,0.00013868399795247122,0.5026821003421674,0.6930510521377757
discharge_disposition_id,discharge_disposition_id_19,-3.033713568345929e-05,3.033713568345929e-05,0.9999806569203051,-2.452718075249184,2.452657400977817,0.0,0.5,0.6931471805599453
discharge_disposition_id,discharge_disposition_id_20,-0.00012031688865941041,0.00012031688865941041,0.9999496173660198,-3.7346767896820725,3.734436155904754,0.0,0.5,0.6931471805599453
discharge_disposition_id,discharge_disposition_id_22,1.3223100724643677,1.3223100724643677,0.0,1.2214545448716914,1.423165600057044,0.0065728151497158604,0.5164532407900846,0.688591252270578
discharge_disposition_id,discharge_disposition_id_23,-0.5394340957019919,0.5394340957019919,6.147830399849674e-05,-0.8032760493933537,-0.27559214201063004,0.00020036318896532457,0.5009260205300471,0.693008299380426
discharge_disposition_id,discharge_disposition_id_24,-0.000489630054946876,0.000489630054946876,0.9989748204111935,-0.7473876446561893,0.7464083845462957,0.0,0.5,0.6931471805599453
discharge_disposition_id,discharge_disposition_id_25,-0.005372301531935274,0.005372301531935274,0.9497803582591886,-0.17255565054164243,0.1618110474777719,4.0966520401974904e-05,0.5007166650127961,0.6931187847318313
discharge_disposition_id,discharge_disposition_id_27,-1.5691680837914607e-05,1.5691680837914607e-05,0.9999954019040431,-5.336862577305097,5.3368311939434205,0.0,0.5,0.6931471805599453
discharge_disposition_id,discharge_disposition_id_28,1.4092781508023984,1.4092781508023984,0.0,1.0875036776786582,1.7310526239261386,0.0009515461353268861,0.501820191799987,0.6924876190390707
admission_source_id,admission_source_id_2,-0.06972372306918104,0.06972372306918104,0.35131155036955297,-0.21634406152565933,0.07689661538729725,3.4695610190427217e-06,0.5002250489116918,0.6931447756435072
admission_source_id,admission_source_id_3,0.21348382472457933,0.21348382472457933,0.17628578051439248,-0.09593673152294485,0.5229043809721035,8.492266798343362e-05,0.500512598818769,0.6930883166520669
admission_source_id,admission_source_id_4,-0.15020259053426316,0.15020259053426316,0.001982674194103806,-0.24538656454885438,-0.05501861651967195,8.819431124862387e-05,0.5018863251852641,0.6930860489217618
admission_source_id,admission_source_id_5,-0.13091332505364636,0.13091332505364636,0.12153786959504265,-0.2966293589872141,0.0348027088799214,2.099312448755608e-05,0.500500721577621,0.6931326292348956
admission_source_id,admission_source_id_6,-0.04350207688426926,0.04350207688426926,0.46842700025643147,-0.16110011737053798,0.07409596360199946,0.00017658711644663594,0.5022143581695695,0.6930247796980571
admission_source_id,admission_source_id_7,-9.949883040232828e-05,9.949883040232828e-05,0.9973959354015716,-0.05985236725073758,0.05965336958993293,0.0007338289502097917,0.5157479292927436,0.6926385290920941
admission_source_id,admission_source_id_8,0.00026802968504560014,0.00026802968504560014,0.9996599912434323,-1.2325134123816621,1.2330494717517535,0.0,0.5,0.6931471805599453
admission_source_id,admission_source_id_9,-0.0002788178982805692,0.0002788178982805692,0.9990170363509032,-0.44386334501808133,0.44330570922152024,0.0,0.5,0.6931471805599453
admission_source_id,admission_source_id_10,-0.0001659522013331682,0.0001659522013331682,0.9998943039611901,-2.4555397216654136,2.455207817262747,0.0,0.5,0.6931471805599453
admission_source_id,admission_source_id_11,-0.00010012878593962381,0.00010012878593962381,0.9999586920765189,-3.790795574085932,3.790595316514053,0.0,0.5,0.6931471805599453
admission_source_id,admission_source_id_13,0.00015563573410798992,0.00015563573410798992,0.999954595544041,-5.360330154555873,5.36064142602409,0.0,0.5,0.6931471805599453
admission_source_id,admission_source_id_14,-9.893400434255516e-05,9.893400434255516e-05,0.9999603763388116,-3.9047685493311004,3.904570681322415,0.0,0.5,0.6931471805599453
admission_source_id,admission_source_id_17,-0.25863973294798,0.25863973294798,3.2473583755354696e-07,-0.35786460314668667,-0.1594148627492733,0.0002051714511737135,0.5040968763897107,0.6930049665470328
admission_source_id,admission_source_id_20,0.0013775624896773993,0.0013775624896773993,0.9938147780302955,-0.34691562193975095,0.34967074691910577,0.0,0.5,0.6931471805599453
admission_source_id,admission_source_id_22,-0.00014726924155317623,0.00014726924155317623,0.999825650726412,-1.3210937177579452,1.3207991792748388,0.0,0.5,0.6931471805599453
admission_source_id,admission_source_id_25,-0.0001052733365188431,0.0001052733365188431,0.9999564067684008,-3.7766325840303234,3.776422037357286,0.0,0.5,0.6931471805599453
medical_specialty,medical_specialty_AllergyandImmunology,0.00015028561454734536,0.00015028561454734536,0.9998128424229287,-1.25560004304551,1.255900614274605,0.0,0.5,0.6931471805599453
medical_specialty,medical_specialty_Anesthesiology,0.00016840656899095376,0.00016840656899095376,0.9998003371856248,-1.3188630171315059,1.3191998302694876,0.0,0.5,0.6931471805599453
medical_specialty,medical_specialty_Anesthesiology-Pediatric,-2.965185993573205e-05,2.965185993573205e-05,0.9999703720121795,-1.5651332488980703,1.565073945178199,0.0,0.5,0.6931471805599453
medical_specialty,medical_specialty_Cardiology,-0.17962278580458135,0.17962278580458135,4.469844667731593e-06,-0.25634827638467234,-0.10289729522449038,0.0011878193018003413,0.5084464948356359,0.6923238469598877
medical_specialty,medical_specialty_Cardiology-Pediatric,0.00032623189751405,0.00032623189751405,0.999715011086856,-1.7898333810743834,1.7904858448694116,0.0,0.5,0.6931471805599453
medical_specialty,medical_specialty_DCPTEAM,7.929440618814438e-05,7.929440618814438e-05,0.9999518089600434,-2.5730971055225456,2.573255694334922,0.0,0.5,0.6931471805599453
medical_specialty,medical_specialty_Dentistry,-7.804607725102414e-06,7.804607725102414e-06,0.9999960090610058,-3.0582318410748277,3.0582162318593777,0.0,0.5,0.6931471805599453
medical_specialty,medical_specialty_Dermatology,-3.4566575541414624e-06,3.4566575541414624e-06,0.9999990404739982,-5.633693069276599,5.633686155961491,0.0,0.5,0.6931471805599453
medical_specialty,medical_specialty_Emergency/Trauma,-0.14126124368937265,0.14126124368937265,5.5797577428018386e-05,-0.20996157693694326,-0.07256091044180205,0.0,0.5,0.6931471805599453
medical_specialty,medical_specialty_Endocrinology,-0.16240867205267606,0.16240867205267606,0.5253086265951303,-0.6635527345610124,0.33873539045566026,0.00014312666473337288,0.5004009717408642,0.6930479727158224
medical_specialty,medical_specialty_Endocrinology-Metabolism,0.00011195965214381683,0.00011195965214381683,0.9998784588342149,-1.4404483610134051,1.4406722803176926,0.0,0.5,0.6931471805599453
medical_specialty,medical_specialty_Family/GeneralPractice,0.08015473728579542,0.08015473728579542,0.008327593901924502,0.020613548554716976,0.13969592601687386,6.984737032844635e-05,0.5025751469800934,0.6930987660521326
medical_specialty,medical_specialty_Gastroenterology,0.1098644329202466,0.1098644329202466,0.2764761961652402,-0.0880021063663776,0.3077309722068708,0.0,0.5,0.6931471805599453
medical_specialty,medical_specialty_Gynecology,-0.03921676705204754,0.03921676705204754,0.9302129036670215,-0.9168945135884242,0.8384609794843291,0.00016676758191125352,0.5003042876901798,0.6930315860807347
medical_specialty,medical_specialty_Hematology,0.379568369336804,0.379568369336804,0.08356183349640833,-0.050360840115913796,0.8094975787895218,0.00034128745628714263,0.5008098024298422,0.6929106181218594
medical_specialty,medical_specialty_Hematology/Oncology,0.5253480357237018,0.5253480357237018,0.00035842437760691404,0.23684947293621095,0.8138465985111927,0.00023155768550875422,0.500941671046361,0.6929866770030979
medical_specialty,medical_specialty_Hospitalist,4.115318374202213e-05,4.115318374202213e-05,0.999898267101182,-0.6325677875530713,0.6326500939205553,0.0,0.5,0.6931471805599453
medical_specialty,medical_specialty_InfectiousDiseases,0.00016668317808946677,0.00016668317808946677,0.9995954269157943,-0.6441332326858314,0.6444665990420103,0.0,0.5,0.6931471805599453
medical_specialty,medical_specialty_InternalMedicine,-0.023095112277195615,0.023095112277195615,0.3327666277196779,-0.06983064581718357,0.023640421262792338,0.0,0.5,0.6931471805599453
medical_specialty,medical_specialty_Nephrology,0.03319536074983486,0.03319536074983486,0.5848516480734807,-0.0858985843273547,0.1522893058270244,0.0003868778009828988,0.5031116871072823,0.6928790173029727
medical_specialty,medical_specialty_Neurology,-0.2065331658708167,0.2065331658708167,0.28217406430229786,-0.5829351949652942,0.16986886322366082,0.0001242944446471217,0.500525250928924,0.6930610262160789
medical_specialty,medical_specialty_Neurophysiology,7.650835104407302e-05,7.650835104407302e-05,0.9999779325181566,-5.4217968710907645,5.421949887792852,0.0,0.5,0.6931471805599453
medical_specialty,medical_specialty_Obsterics&Gynecology-GynecologicOnco,-2.4175368072805868e-05,2.4175368072805868e-05,0.9999586370984106,-0.9140435574421565,0.913995206706011,0.0,0.5,0.6931471805599453
medical_specialty,medical_specialty_Obstetrics,-7.892749339155645e-06,7.892749339155645e-06,0.9999894037757924,-1.1648591656424694,1.164843380143791,0.0,0.5,0.6931471805599453
medical_specialty,medical_specialty_ObstetricsandGynecology,-0.416931899971622,0.416931899971622,0.004961508830035655,-0.7077860746527056,-0.12607772529053834,0.0008396764704546866,0.5022952477559426,0.6925651611818671
medical_specialty,medical_specialty_Oncology,0.3276319180198322,0.3276319180198322,0.00609791391935377,0.09348546995428084,0.5617783660853836,0.00028605492451649894,0.501329586397588,0.6929489023955314
medical_specialty,medical_specialty_Ophthalmology,-0.00017798115362059765,0.00017798115362059765,0.9996698628505387,-0.8432659950819769,0.8429100327747358,0.0,0.5,0.6931471805599453
medical_specialty,medical_specialty_Orthopedics,0.005767355558574769,0.005767355558574769,0.9361404166612146,-0.13531720333020858,0.14685191444735812,0.0,0.5,0.6931471805599453
medical_specialty,medical_specialty_Orthopedics-Reconstructive,-0.3054633264091087,0.3054633264091087,0.00010138844302409744,-0.4594737594280487,-0.15145289339016876,0.0002800238920865894,0.5020167359454689,0.6929530827886561
medical_specialty,medical_specialty_Osteopath,5.0296286952514614e-05,5.0296286952514614e-05,0.9998931896170982,-0.7363530595733838,0.7364536521472889,0.0,0.5,0.6931471805599453
medical_specialty,medical_specialty_Otolaryngology,-0.3121028509670556,0.3121028509670556,0.2571717456997411,-0.8519621026925464,0.22775640075843517,0.0003178130667114143,0.5005670142245123,0.6929268893288092
medical_specialty,medical_specialty_OutreachServices,-0.00022673350331757933,0.00022673350331757933,0.9997406868714678,-1.3675918402149259,1.367138373208291,0.0,0.5,0.6931471805599453
medical_specialty,medical_specialty_Pathology,-0.00013901298231650357,0.00013901298231650357,0.9998581687506254,-1.532908113751831,1.5326300877871981,0.0,0.5,0.6931471805599453
medical_specialty,medical_specialty_Pediatrics,-0.27884438757021185,0.27884438757021185,0.15467206747346007,-0.6628521983507025,0.10516342321027883,0.0002179385544488488,0.5007120066105821,0.6929961170653938
medical_specialty,medical_specialty_Pediatrics-AllergyandImmunology,-9.875932891389893e-05,9.875932891389893e-05,0.9999498544125756,-3.0800136379751097,3.079816119317282,0.0,0.5,0.6931471805599453
medical_specialty,medical_specialty_Pediatrics-CriticalCare,-0.00011556543714231232,0.00011556543714231232,0.9997248093534248,-0.6568466853475994,0.6566155544733148,0.00012818647832668617,0.5003387647669206,0.6930583284639072
medical_specialty,medical_specialty_Pediatrics-EmergencyMedicine,0.00013678789695418774,0.00013678789695418774,0.9999660577411087,-6.302180123499967,6.302453699293875,0.0,0.5,0.6931471805599453
medical_specialty,medical_specialty_Pediatrics-Endocrinology,-0.3158544936123119,0.3158544936123119,0.33318583952579517,-0.9555757491187411,0.32386676189411734,0.0005905287556761118,0.5008298418287154,0.6927378572179088
medical_specialty,medical_specialty_Pediatrics-Hematology-Oncology,-0.00022934988721785696,0.00022934988721785696,0.99978223648112,-1.6472790597044966,1.6468203599300608,0.0,0.5,0.6931471805599453
medical_specialty,medical_specialty_Pediatrics-InfectiousDiseases,9.184652339976182e-05,9.184652339976182e-05,0.9999728876619001,-5.297628842087033,5.297812535133834,0.0,0.5,0.6931471805599453
medical_specialty,medical_specialty_Pediatrics-Neurology,8.441250652082595e-06,8.441250652082595e-06,0.9999930488819422,-1.8990810857253326,1.8990979682266367,0.0,0.5,0.6931471805599453
medical_specialty,medical_specialty_Pediatrics-Pulmonology,-9.39147093407089e-05,9.39147093407089e-05,0.9998446179615017,-0.9452991280006797,0.9451112985819983,0.0,0.5,0.6931471805599453
medical_specialty,medical_specialty_Perinatology,-0.00010686220136012127,0.00010686220136012127,0.999969671699741,-5.510332109471979,5.510118385069259,0.0,0.5,0.6931471805599453
medical_specialty,medical_specialty_PhysicalMedicineandRehabilitation,0.1702854499867725,0.1702854499867725,0.19531510912430328,-0.08743791338375081,0.4280088133572958,0.00011863601673089974,0.5008522395245673,0.6930649483394354
medical_specialty,medical_specialty_PhysicianNotFound,2.5188746974476404e-05,2.5188746974476404e-05,0.999980397967958,-2.0095246249134884,2.0095750024074372,0.0,0.5,0.6931471805599453
medical_specialty,medical_specialty_Podiatry,-2.9581279326838217e-05,2.9581279326838217e-05,0.9999038141722265,-0.480978742392207,0.4809195798335533,0.0,0.5,0.6931471805599453
medical_specialty,medical_specialty_Proctology,0.00018677486453110413,0.00018677486453110413,0.9999450821477338,-5.318423795884739,5.318797345613801,0.0,0.5,0.6931471805599453
medical_specialty,medical_specialty_Psychiatry,0.15364207725116896,0.15364207725116896,0.09706799157999502,-0.027847307829784534,0.33513146233212243,7.116024925535314e-06,0.5002932190079961,0.6931422481073314
medical_specialty,medical_specialty_Psychiatry-Addictive,0.00014552649990122918,0.00014552649990122918,0.9999589693422126,-5.546455294352712,5.5467463473525145,0.0,0.5,0.6931471805599453
medical_specialty,medical_specialty_Psychiatry-Child/Adolescent,-6.075025089328759e-05,6.075025089328759e-05,0.9999620680516592,-2.504648386574443,2.5045268860726564,0.0,0.5,0.6931471805599453
medical_specialty,medical_specialty_Psychology,-0.000856400377261043,0.000856400377261043,0.9973462225450511,-0.5055233408492952,0.503810540094773,0.0,0.5,0.6931471805599453
medical_specialty,medical_specialty_Pulmonology,2.784619290986887e-05,2.784619290986887e-05,0.9997263781677668,-0.1591227901265802,0.15917848251239997,0.0,0.5,0.6931471805599453
medical_specialty,medical_specialty_Radiologist,-0.11926031126108301,0.11926031126108301,0.11617180468518673,-0.2680444998815925,0.029523877359426506,0.00017037128161700998,0.5015395575222323,0.693029088186444
medical_specialty,medical_specialty_Radiology,-8.97166484880003e-05,8.97166484880003e-05,0.9997506792864745,-0.5628299681726685,0.5626505348756925,3.244905590327196e-05,0.5002077383993229,0.6931246885883341
medical_specialty,medical_specialty_Resident,-0.0002457855918651672,0.0002457855918651672,0.999799998757706,-1.9220849078482771,1.9215933366645468,0.0,0.5,0.6931471805599453
medical_specialty,medical_specialty_Rheumatology,1.653029077020454e-05,1.653029077020454e-05,0.9999720457032621,-0.9247353627537447,0.9247684233352851,0.0,0.5,0.6931471805599453
medical_specialty,medical_specialty_SportsMedicine,-3.649468116807551e-05,3.649468116807551e-05,0.9999890959597046,-5.234057162111818,5.233984172749483,0.0,0.5,0.6931471805599453
medical_specialty,medical_specialty_Surgeon,-0.00033274216201979994,0.00033274216201979994,0.9993260306466054,-0.7724103211332356,0.7717448368091959,0.0,0.5,0.6931471805599453
medical_specialty,medical_specialty_Surgery-Cardiovascular,-0.056177943349506605,0.056177943349506605,0.838732858184899,-0.5972106471001319,0.4848547604011187,7.106836225578839e-05,0.500269574783741,0.6930979197250207
medical_specialty,medical_specialty_Surgery-Cardiovascular/Thoracic,-0.4686979601255469,0.4686979601255469,1.12429272713932e-05,-0.6778588085102646,-0.2595371117408292,0.0003705935815928596,0.5016309767514796,0.6928903046637306
medical_specialty,medical_specialty_Surgery-Colon&Rectal,0.00013785265233122001,0.00013785265233122001,0.9998392743904083,-1.3411541929656994,1.3414298982703619,0.0,0.5,0.6931471805599453
medical_specialty,medical_specialty_Surgery-General,-0.0176166459121898,0.0176166459121898,0.7040789272206931,-0.10852384596913132,0.07329055414475173,0.0,0.5,0.6931471805599453
medical_specialty,medical_specialty_Surgery-Maxillofacial,6.921568253911188e-05,6.921568253911188e-05,0.9999188232515979,-1.3333483159562722,1.3334867473213503,0.0,0.5,0.6931471805599453
medical_specialty,medical_specialty_Surgery-Neuro,-0.1188343502441758,0.1188343502441758,0.347306409345278,-0.366659987146031,0.12899128665767937,0.00020787933855448415,0.5010572153474292,0.6930030895825295
medical_specialty,medical_specialty_Surgery-Pediatric,-9.07595662914915e-05,9.07595662914915e-05,0.999949963838825,-2.836714517103356,2.836532997970773,0.0,0.5,0.6931471805599453
medical_specialty,medical_specialty_Surgery-Plastic,3.263594629744514e-05,3.263594629744514e-05,0.9999271460185111,-0.7005126665720907,0.7005779384646855,0.0,0.5,0.6931471805599453
medical_specialty,medical_specialty_Surgery-PlasticwithinHeadandNeck,3.2145964263155215e-05,3.2145964263155215e-05,0.9999905533239479,-5.321549651005848,5.321613942934374,0.0,0.5,0.6931471805599453
medical_specialty,medical_specialty_Surgery-Thoracic,-6.393027469657647e-05,6.393027469657647e-05,0.999787438378231,-0.4704072905448704,0.4702794299954772,0.0,0.5,0.6931471805599453
medical_specialty,medical_specialty_Surgery-Vascular,-0.0053501720930704405,0.0053501720930704405,0.9586989716955612,-0.20784135083195088,0.19714100664581002,5.848161833177379e-05,0.5006796856910791,0.693106644191084
medical_specialty,medical_specialty_SurgicalSpecialty,1.4846509023305196e-05,1.4846509023305196e-05,0.9999800319033427,-1.1627207902514463,1.1627504832694928,0.0,0.5,0.6931471805599453
medical_specialty,medical_specialty_Urology,0.11669009250852584,0.11669009250852584,0.24128006207359065,-0.0784894900847646,0.3118696751018163,0.0,0.5,0.6931471805599453
max_glu_serum,max_glu_serum_>200,0.09575500481635688,0.09575500481635688,0.1701634884244254,-0.04106821777624253,0.23257822740895628,9.895262341741429e-06,0.5004542998798187,0.6931403216867522
max_glu_serum,max_glu_serum_>300,0.04397021189133762,0.04397021189133762,0.5423099243926308,-0.09746686123842674,0.185407285021102,5.8106357213261184e-05,0.5010139268156131,0.6931069043022703
max_glu_serum,max_glu_serum_Norm,0.12946414005721696,0.12946414005721696,0.025532168674564648,0.01584334238341452,0.2430849377310194,1.5248436965320522e-06,0.5002291162082995,0.6931461236188362
A1Cresult,A1Cresult_>7,-0.05783756363185062,0.05783756363185062,0.14975978762766862,-0.13653910345997694,0.020863976196275683,5.62339527064859e-05,0.5016492397708103,0.693108202154175
A1Cresult,A1Cresult_>8,-0.15109332588060073,0.15109332588060073,4.464684519867035e-07,-0.20975376764818643,-0.09243288411301503,0.0003884478501842148,0.5061474829926973,0.6928779290277955
A1Cresult,A1Cresult_Norm,-0.07005531091515793,0.07005531091515793,0.05036649317454578,-0.14022252803229074,0.00011190620197487622,0.00018444331399947167,0.503348025217239,0.6930193341968734
race,race_AfricanAmerican,0.00113833611017965,0.00113833611017965,0.9989258841373987,-1.656205274451886,1.6584819466722451,2.013883735640931e-05,0.5020781864267452,0.6931332213816119
race,race_Hispanic,-0.12201769155305432,0.12201769155305432,0.9567734594767789,-4.534195568048697,4.2901601849425886,1.078604680404549e-05,0.5005404389740122,0.6931397042420137
race,race_Other,-0.014629445963994507,0.014629445963994507,0.9932663876792369,-3.412195602855732,3.3829367109277433,0.00011890652881563213,0.5014831880989922,0.6930647608347466
race,race_Asian,-0.0706129629625568,0.0706129629625568,0.9724472613024568,-4.077680159873741,3.9364542339486275,0.0,0.5,0.6931471805599453
gender,gender_Male,0.001916706790543423,0.001916706790543423,0.9970220061238879,-1.0046073976060135,1.0084408111871004,8.361354848496205e-07,0.5005368739640338,0.6931466009949914
age,age_[10-20),-0.32605023452028836,0.32605023452028836,0.4186709295534714,-1.116244296864973,0.4641438278243962,0.0005382574846759525,0.5019561123994967,0.6927740889020269
age,age_[20-30),0.14199912279045082,0.14199912279045082,0.7150842252247536,-0.6204353774529359,0.9044336230338375,9.532307792081696e-05,0.5014855708977578,0.6930811076372422
age,age_[30-40),0.022816984424761214,0.022816984424761214,0.9527524949013295,-0.7319599484190207,0.7775939172685431,0.0,0.5,0.6931471805599453
age,age_[40-50),-0.07675920084798916,0.07675920084798916,0.841156392174963,-0.8274384642216737,0.6739200625256954,0.00011731073282550408,0.5036868083604996,0.6930658669562378
age,age_[50-60),-0.08505488364809596,0.08505488364809596,0.8239029938360265,-0.8342036312201374,0.6640938639239454,0.0007601563845122117,0.5119256076749397,0.692620280305236
age,age_[60-70),-3.192255391714182e-05,3.192255391714182e-05,0.999933316157948,-0.7486672575319856,0.7486034124241513,0.0,0.5,0.6931471805599453
age,age_[70-80),0.07846824730750422,0.07846824730750422,0.8371699614265211,-0.669880621895585,0.8268171165105934,0.0002100730779514004,0.5074809835507255,0.6930015689982517
age,age_[80-90),0.11453968669135631,0.11453968669135631,0.7643147862865265,-0.6342315233491149,0.8633108967318275,0.00040592092178848294,0.5090257660789913,0.6928658176174773
age,age_[90-100),0.041956889178891545,0.041956889178891545,0.9133343626384107,-0.7136448683589427,0.7975586467167257,3.0937642450101777e-06,0.5003405074565063,0.6931450361259816
race x gender,race_AfricanAmerican x gender_Male,0.05116348695906644,0.05116348695906644,0.20116836458094745,-0.027288185235689426,0.1296151591538223,6.177742429513966e-05,0.5024582887707086,0.6931043597124729
race x gender,race_Hispanic x gender_Male,0.18774934082275552,0.18774934082275552,0.08391635467939196,-0.02515432864923428,0.4006530102947453,4.761070341330331e-05,0.5008054809271967,0.6931141793351099
race x gender,race_Other x gender_Male,-0.09524434041035147,0.09524434041035147,0.47175306452714194,-0.3546519390654783,0.1641632582447754,0.00011172376011037155,0.5010010817538869,0.6930697395506232
race x gender,race_Asian x gender_Male,0.1399775433459774,0.1399775433459774,0.4739963727112788,-0.2432024606817405,0.5231575473736954,6.450265402013766e-05,0.500568361822786,0.6931024707271726
race x age,race_AfricanAmerican x age_[10-20),0.001264956695101449,0.001264956695101449,0.9988491577936305,-1.717644629272595,1.7201745426627981,8.282460932029778e-05,0.5004491116264653,0.6930897709155139
race x age,race_AfricanAmerican x age_[20-30),0.00013754845438219537,0.00013754845438219537,0.9998716617809589,-1.6759357663035754,1.6762108632123398,6.109756674810285e-06,0.500216136386746,0.6931429455993322
race x age,race_AfricanAmerican x age_[30-40),0.036336610380671784,0.036336610380671784,0.965884181113565,-1.6287986608607734,1.7014718816221168,5.7359697132053356e-06,0.5003151450444523,0.6931432046887108
race x age,race_AfricanAmerican x age_[40-50),0.04961236887448774,0.04961236887448774,0.953303656029505,-1.6109386995499124,1.710163437298888,1.1130281618698668e-05,0.5006448625265998,0.6931394656366224
race x age,race_AfricanAmerican x age_[50-60),-0.0850307661756573,0.0850307661756573,0.9199941202733595,-1.744303389381929,1.5742418570306145,0.00014039081078187632,0.5027273030760768,0.6930498690652753
race x age,race_AfricanAmerican x age_[60-70),0.00010719236495158966,0.00010719236495158966,0.9998989524834294,-1.6588359987388464,1.6590503834687496,3.297378943500906e-05,0.5013689056399439,0.693124324870766
race x age,race_AfricanAmerican x age_[70-80),7.58277800743832e-05,7.58277800743832e-05,0.9999285234152742,-1.6589679855075585,1.6591196410677072,8.169913129107975e-05,0.5020525085541863,0.6930905510374367
race x age,race_AfricanAmerican x age_[80-90),-0.004097317425570512,0.004097317425570512,0.9961421474168177,-1.6650053953660477,1.6568107605149067,2.9562145021477804e-05,0.500870450477601,0.6931266896424724
race x age,race_AfricanAmerican x age_[90-100),-0.0029440308053884793,0.0029440308053884793,0.9972570036226949,-1.6813985108286258,1.6755104492178488,0.0,0.5,0.6931471805599453
race x age,race_Hispanic x age_[10-20),0.0003360219361514329,0.0003360219361514329,0.99988682529912,-4.6428018557846435,4.6434738996569465,0.0,0.5,0.6931471805599453
race x age,race_Hispanic x age_[20-30),-0.0850912895527385,0.0850912895527385,0.9702473321860006,-4.556576637224616,4.386394058119139,0.0001590404956922642,0.5003250008881898,0.6930369420887613
race x age,race_Hispanic x age_[30-40),-0.0023118103998709806,0.0023118103998709806,0.9991841139524604,-4.433456571242946,4.428832950443203,4.4087444140306076e-05,0.5003039171006545,0.6931166214723413
race x age,race_Hispanic x age_[40-50),-9.420023036791909e-05,9.420023036791909e-05,0.9999666825343323,-4.421631702986179,4.421443302525443,1.3218784286839202e-05,0.5002570574334133,0.6931380179968865
race x age,race_Hispanic x age_[50-60),-0.1302221266823383,0.1302221266823383,0.953960067175909,-4.551035565547992,4.290591312183316,0.00010231975920405034,0.5006976363126281,0.6930762579073374
race x age,race_Hispanic x age_[60-70),-0.0002343537244548431,0.0002343537244548431,0.9999170542011864,-4.418692772029333,4.418224064580423,0.0,0.5,0.6931471805599453
race x age,race_Hispanic x age_[70-80),3.5674874339069676e-05,3.5674874339069676e-05,0.9999873770100889,-4.419671781369999,4.419743131118677,0.0,0.5,0.6931471805599453
race x age,race_Hispanic x age_[80-90),0.28020461211440406,0.28020461211440406,0.9012636133765541,-4.146477700926937,4.706886925155745,7.812096020176629e-05,0.5004363584464397,0.6930930312366388
race x age,race_Hispanic x age_[90-100),7.549293240442352e-05,7.549293240442352e-05,0.9999737449618111,-4.496552377045753,4.496703362910561,0.0,0.5,0.6931471805599453
race x age,race_Other x age_[10-20),-0.00013239538526074794,0.00013239538526074794,0.9999440545562319,-3.700981955787535,3.7007171650170134,0.0,0.5,0.6931471805599453
race x age,race_Other x age_[20-30),-0.00030599073595122565,0.00030599073595122565,0.9998705199796125,-3.696023982848095,3.695412001376193,0.0,0.5,0.6931471805599453
race x age,race_Other x age_[30-40),0.05173269469027778,0.05173269469027778,0.9763833788353542,-3.373398525202039,3.4768639145825944,2.87482680695339e-05,0.500200923839871,0.6931272537789869
race x age,race_Other x age_[40-50),-0.00010923349020365202,0.00010923349020365202,0.999949984726342,-3.4155477190726615,3.415329252092254,5.598344338619832e-05,0.5003178157392127,0.6931083757940041
race x age,race_Other x age_[50-60),0.00023014784073446291,0.00023014784073446291,0.9998942190843327,-3.4022287567696017,3.4026890524510707,5.897796567044811e-05,0.5004557914260898,0.6931063001493256
race x age,race_Other x age_[60-70),0.00026746848558116597,0.00026746848558116597,0.9998768822361481,-3.39712097495638,3.3976559119275422,0.0,0.5,0.6931471805599453
race x age,race_Other x age_[70-80),0.000782163454985508,0.000782163454985508,0.9996403276174026,-3.400038424508172,3.4016027514181433,0.0,0.5,0.6931471805599453
race x age,race_Other x age_[80-90),-0.2627179605922852,0.2627179605922852,0.8805012005324633,-3.6879192519264277,3.1624833307418574,0.00014669211039652907,0.500442431826841,0.6930455013372135
race x age,race_Other x age_[90-100),-3.6751525037008174e-05,3.6751525037008174e-05,0.9999841354703156,-3.622812657046579,3.622739153996505,0.0,0.5,0.6931471805599453
race x age,race_Asian x age_[10-20),-0.00014653314814519497,0.00014653314814519497,0.9999681054238696,-7.184907968571418,7.184614902275127,0.0,0.5,0.6931471805599453
race x age,race_Asian x age_[20-30),0.00019402479853690245,0.00019402479853690245,0.9999388775410918,-4.964011237455369,4.964399287052443,0.0,0.5,0.6931471805599453
race x age,race_Asian x age_[30-40),6.758940405916486e-05,6.758940405916486e-05,0.9999755169770859,-4.3171792999048835,4.317314478713002,0.0,0.5,0.6931471805599453
race x age,race_Asian x age_[40-50),-0.0005632438617350687,0.0005632438617350687,0.9997842651079722,-4.083469208364771,4.082342720641301,0.00010208097790032067,0.5002212664483557,0.6930764234179249
race x age,race_Asian x age_[50-60),-0.08798558007679588,0.08798558007679588,0.9658536316894768,-4.116339802474812,3.94036864232122,0.0,0.5,0.6931471805599453
race x age,race_Asian x age_[60-70),0.0004683450867434181,0.0004683450867434181,0.9998177873773826,-4.0191129152746505,4.020049605448138,0.0,0.5,0.6931471805599453
race x age,race_Asian x age_[70-80),0.2816871883083318,0.2816871883083318,0.8906452018762507,-3.733964341917328,4.297338718533991,7.535578412476429e-05,0.5004641220335994,0.6930949479106403
race x age,race_Asian x age_[80-90),0.00018351272120753425,0.00018351272120753425,0.9999288959336117,-4.03594553267767,4.036312558120085,0.0,0.5,0.6931471805599453
race x age,race_Asian x age_[90-100),-0.00028572556849253323,0.00028572556849253323,0.9998983678196645,-4.3968271426443115,4.396255691507327,0.0,0.5,0.6931471805599453
gender x age,gender_Male x age_[10-20),-0.13336362962298323,0.13336362962298323,0.8113350422722512,-1.228405458852816,0.9616781996068495,0.00033145664526712526,0.5009885644035591,0.6929174323208005
gender x age,gender_Male x age_[20-30),-0.38099644951923445,0.38099644951923445,0.47375296272012113,-1.4233770552179834,0.6613841561795146,0.00016995006598952145,0.5009879579843359,0.6930293801508687
gender x age,gender_Male x age_[30-40),-0.10092116878893116,0.10092116878893116,0.8460864166256101,-1.1199301866054523,0.91808784902759,3.3032958507206445e-05,0.5008255295142399,0.6931242838578905
gender x age,gender_Male x age_[40-50),0.05472452674703994,0.05472452674703994,0.9155480547763322,-0.9567438445890923,1.0661928980831723,8.30454848799178e-06,0.500725586725912,0.693141424285575
gender x age,gender_Male x age_[50-60),0.00012253543010544435,0.00012253543010544435,0.999810134045025,-1.009148673568902,1.009393744429113,0.00032213635916644723,0.5058065957584956,0.6929238926508332
gender x age,gender_Male x age_[60-70),0.07491273412722554,0.07491273412722554,0.8842399831347834,-0.9335459881357839,1.083371456390235,3.7188147776534564e-05,0.5022973242823733,0.6931214037001637
gender x age,gender_Male x age_[70-80),0.0035439177997599347,0.0035439177997599347,0.994502824370181,-1.0046263807469367,1.0117142163464568,8.575156941648121e-05,0.5035367379791171,0.6930877421013757
gender x age,gender_Male x age_[80-90),-0.0005087833277276761,0.0005087833277276761,0.9992114494193711,-1.0095212963647708,1.0085037297093153,0.0001096672082997463,0.5031060333199798,0.6930711650437125
gender x age,gender_Male x age_[90-100),0.0582615076469186,0.0582615076469186,0.9113151473134782,-0.9669851564448713,1.0835081717387085,7.517445236637776e-06,0.5002860338590193,0.6931419698639745
insulin,insulin_yes,0.11274303716921154,0.11274303716921154,2.6581181700180423e-11,0.07958990494665717,0.14589616939176592,0.0021544361903595988,0.5271482982896528,0.6916538391889012
metformin,metformin_yes,-0.053469430965911516,0.053469430965911516,0.009907820319606353,-0.09410379821223316,-0.012835063719589875,0.0011856382503191432,0.5157094431111389,0.6923253587495726
glipizide,glipizide_yes,0.09063485605464071,0.09063485605464071,0.00012065566241248327,0.04443336178227342,0.136836350327008,2.4215006865890842e-05,0.5019270808448706,0.693130395996209
glyburide,glyburide_yes,-0.003591401979965078,0.003591401979965078,0.8920821193271022,-0.05547537550207286,0.04829257154214271,0.00018670466302794786,0.5048394612302103,0.69301776674917
pioglitazone,pioglitazone_yes,-0.025765806227025286,0.025765806227025286,0.3883738132740173,-0.08431238567319904,0.03278077321914846,4.694868191779111e-05,0.5020608851025461,0.693114638213443
rosiglitazone,rosiglitazone_yes,-0.06534302496401904,0.06534302496401904,0.04171743747190004,-0.1282355744427756,-0.0024504754852624766,0.00015197343826311993,0.5034475147225111,0.6930418405996932
glimepiride,glimepiride_yes,-0.054018742428814034,0.054018742428814034,0.13575593396646646,-0.12499105480070029,0.01695356994307222,0.0001059614634237871,0.5025933456822339,0.6930737336703251
repaglinide,repaglinide_yes,0.07406141690691859,0.07406141690691859,0.22671037251564696,-0.046016027918159924,0.1941388617319971,0.00016767084304603053,0.5019489517523066,0.6930309599878258
metformin,glyburide-metformin_yes,-0.028269420721207087,0.028269420721207087,0.76856833896497,-0.21657205361406762,0.16003321217165345,8.918822713255281e-06,0.5002748396051782,0.6931409985031277
nateglinide,nateglinide_yes,0.0026207672798727955,0.0026207672798727955,0.9770063065388297,-0.17559778033336626,0.18083931489311184,0.0,0.5,0.6931471805599453
insulin,insulin_up,0.035717977238362106,0.035717977238362106,0.1523983590972191,-0.013199492491947823,0.08463544696867203,0.0010081857244075287,0.5121704417794667,0.6924483594675914
metformin,metformin_up,-0.11367400530883483,0.11367400530883483,0.1469784934665581,-0.2672974934644344,0.039949482846764736,0.00020477717031552878,0.5016296965331196,0.693005239841698
glipizide,glipizide_up,-1.7489731805699492e-05,1.7489731805699492e-05,0.9998360584648318,-0.16685260140825164,0.16681762194464023,1.3764845225860967e-05,0.5003898356787668,0.6931376394962862
glyburide,glyburide_up,-0.035110440018618586,0.035110440018618586,0.6916699986783144,-0.20862974562026093,0.13840886558302373,3.501886470247406e-05,0.5005995709737132,0.6931229073326104
pioglitazone,pioglitazone_up,0.00027989484225944143,0.00027989484225944143,0.9985551839684514,-0.3026732139926163,0.3032330036771352,0.0,0.5,0.6931471805599453
rosiglitazone,rosiglitazone_up,-0.005611390285254503,0.005611390285254503,0.9761709644284402,-0.37381898370947153,0.36259620313896257,0.0,0.5,0.6931471805599453
glimepiride,glimepiride_up,5.085444005228611e-05,5.085444005228611e-05,0.9997122406910379,-0.2763203508567355,0.27642205973684003,0.0,0.5,0.6931471805599453
repaglinide,repaglinide_up,0.014796328346022488,0.014796328346022488,0.9452461763507207,-0.40747492252718576,0.4370675792192308,7.624332367717201e-05,0.5003670337034328,0.6930943327151019
metformin,glyburide-metformin_up,-4.033669532726742e-05,4.033669532726742e-05,0.9999700252326884,-2.1044864099696534,2.1044057365789985,0.0,0.5,0.6931471805599453
nateglinide,nateglinide_up,-0.0001229913813231211,0.0001229913813231211,0.9998164288551481,-1.0478872169054114,1.047641234142765,0.0,0.5,0.6931471805599453
diag,diag_PC0,-0.08703024019894261,0.08703024019894261,0.15786187588461909,-0.20780996396714874,0.03374948356926351,0.0046199728580343935,0.5432133565058982,0.6899448593991353
diag,diag_PC1,0.20998613290198237,0.20998613290198237,2.6149393761443207e-10,0.14487273385508737,0.2750995319488774,0.004419823416224711,0.5467039116796342,0.6900835924204163
diag,diag_PC2,0.03724640386540286,0.03724640386540286,0.3264591025593375,-0.03714920837504293,0.11164201610584865,0.00021472324034610413,0.4997840925518244,0.6929983457512987
diag,diag_PC3,0.050190055325714106,0.050190055325714106,0.10168850882455138,-0.009912415706761622,0.11029252635818984,0.00012599680709468597,0.49897105588612545,0.693059846228348
diag,diag_PC4,-0.09492632463086378,0.09492632463086378,0.0002538940537200052,-0.1457823801324697,-0.044070269129257884,0.0003379962790958091,0.5155549019193475,0.6929128993920503
diag,diag_PC5,-0.01954757123617719,0.01954757123617719,0.44032692083825875,-0.06919877716190459,0.030103634689550213,6.582369918017861e-07,0.5115111867501687,0.6931467243048303
diag,diag_PC6,-0.003204419438803767,0.003204419438803767,0.9533800950803315,-0.11063401440698149,0.10422517552937395,0.0002458096944661925,0.5148395584716765,0.6929767982632717
diag,diag_PC7,0.31472201138779154,0.31472201138779154,0.0,0.24973775567791018,0.3797062670976729,0.0018657127834320608,0.5134567342854728,0.6918539670043747
diag,diag_PC8,0.018772869747854536,0.018772869747854536,0.6501440567687664,-0.0623506723470158,0.09989641184272488,1.7164455305307413e-05,0.5136386600524093,0.6931352830661446
diag,diag_PC9,0.11849911981533576,0.11849911981533576,0.00017983053595105325,0.056496977881289746,0.18050126174938178,0.00018026677733085084,0.5075021385465784,0.6930222291514898
diag,diag_PC10,0.09784904655388131,0.09784904655388131,0.03289790304961593,0.007951821159019698,0.18774627194874294,0.00021431354564060978,0.5046438489183074,0.6929986297300287
diag,diag_PC11,-0.18051003878061325,0.18051003878061325,2.1971314310142986e-06,-0.2552340796834084,-0.10578599787781812,0.0004064280910415219,0.4910528547950609,0.6928654660745395
diag,diag_PC12,-0.028555230998838922,0.028555230998838922,0.46847328606560845,-0.10575588271736489,0.04864542071968705,3.3417923493983537e-06,0.4932795756474291,0.6931448642060003
diag,diag_PC13,0.08376758791065081,0.08376758791065081,0.04411633494557066,0.002206400221381466,0.16532877559992015,5.266907830581147e-05,0.5113874144428232,0.693110673136815
diag,diag_PC14,0.09497634930923822,0.09497634930923822,0.012008855830530685,0.02086910345757531,0.16908359516090113,0.00016323842966858848,0.5071733337559892,0.6930340323026615
diag,diag_PC15,0.13383893468382846,0.13383893468382846,0.0005583929202945814,0.05782951117023567,0.20984835819742126,0.0003972862587728887,0.5112475521183633,0.6928718027098016
diag,diag_PC16,-0.029273800160618074,0.029273800160618074,0.4436071194082096,-0.10416604922538797,0.045618448904151815,8.626863197103152e-05,0.5294188000066155,0.6930873837009238
diag,diag_PC17,-0.008067499543457268,0.008067499543457268,0.8870815161166399,-0.11942248668270161,0.10328748759578707,1.2710834092932721e-05,0.5154467357188273,0.6931383700811312
diag,diag_PC18,0.027267869512506142,0.027267869512506142,0.4951686798118673,-0.051083878299245995,0.10561961732425829,7.818493686762018e-05,0.49018983448430475,0.6930929868913932
diag,diag_PC19,0.48161110609677515,0.48161110609677515,0.0,0.40059702097606625,0.562625191217484,0.0021544658890017,0.5183600058252997,0.6916538186033712
diag,diag_PC20,0.001016134046825032,0.001016134046825032,0.9827536055924548,-0.09111622121630493,0.093148489309955,5.3393103691234955e-05,0.5060362196131903,0.6931101712806603
diag,diag_PC21,0.07838508867933586,0.07838508867933586,0.06590616919711678,-0.005153273046931445,0.16192345040560316,2.183643659692258e-05,0.4890135037003824,0.6931320446954846
diag,diag_PC22,0.1531835976982477,0.1531835976982477,0.0020512421182754537,0.05579234807756238,0.250574847318933,0.00020416698130909516,0.5049664746645398,0.6930056627924874
diag,diag_PC23,0.001154160147058246,0.001154160147058246,0.9811416651211557,-0.09454664591893136,0.09685496621304784,6.536877268814578e-06,0.5017346476398041,0.6931426495418967
diag,diag_PC24,0.00023607663554101754,0.00023607663554101754,0.9965506052223465,-0.10679306930730766,0.1072652225783897,5.411902402552293e-06,0.4896168908273886,0.6931434293150535
diag,diag_PC25,0.13433987697912686,0.13433987697912686,0.006927059585628559,0.03683384937129519,0.23184590458695853,6.728959367008347e-05,0.5005327477100018,0.6931005389678119
diag,diag_PC26,0.17289185723278339,0.17289185723278339,0.001860750059131444,0.063991146783469,0.28179256768209776,0.00015610570191493256,0.5112834196715045,0.6930389763327937
diag,diag_PC27,-0.10981236594193212,0.10981236594193212,0.0435920891266266,-0.2164669628338164,-0.0031577690500478595,8.990849941636903e-05,0.47631231952902664,0.6930848607370664
diag,diag_PC28,4.838617443999365e-05,4.838617443999365e-05,0.9992760824762588,-0.10447788183529258,0.10457465418417256,2.890232217778177e-05,0.48926000239504963,0.6931271469968161
diag,diag_PC29,0.13226766062675102,0.13226766062675102,0.01613462855113168,0.024514617566006786,0.24002070368749526,0.0003552246358872191,0.5091888522689267,0.6929009576051146
diag,diag_PC30,0.0026365460520067696,0.0026365460520067696,0.9588725617458527,-0.09757195207990531,0.10284504418391884,1.0640509716330904e-05,0.5135449100906934,0.6931398051206357
diag,diag_PC31,-0.19304703365327908,0.19304703365327908,0.0003099692199699522,-0.2979467029905096,-0.08814736431604853,0.0006186619517375425,0.5107442563217672,0.6927183567723787
diag,diag_PC32,-0.09215997644061175,0.09215997644061175,0.08242941470002152,-0.1961643409186552,0.011844388037431694,0.00016976731051498994,0.5050034432667252,0.6930295068273106
diag,diag_PC33,0.0005419533002069582,0.0005419533002069582,0.9941084105837272,-0.14331099005427933,0.14439489665469324,1.3158145328651116e-05,0.5128527575842219,0.6931380600286093
diag,diag_PC34,0.2023985467154689,0.2023985467154689,0.0010834561767671946,0.08101033940083906,0.3237867540300987,0.00012754545873250311,0.5120578246762395,0.6930587727848316
diag,diag_PC35,0.3417318618802209,0.3417318618802209,4.9186552608659895e-09,0.2272479984008252,0.45621572535961663,0.0006736950868851954,0.4950622031455394,0.6926802107099137
diag,diag_PC36,-0.003052340383117759,0.003052340383117759,0.9621717464548087,-0.1291906999052913,0.1230860191390558,5.053981879443725e-06,0.4981686239000229,0.693143677406655
diag,diag_PC37,-0.010133601229489681,0.010133601229489681,0.8743759850300261,-0.1357591945517948,0.11549199209281545,1.0621709810920699e-05,0.49476405009022784,0.6931398181517371
diag,diag_PC38,-0.11870719040916307,0.11870719040916307,0.08117048236677604,-0.2521195235546444,0.014705142736318275,4.059236842890446e-05,0.4977127222158926,0.6931190440742165
diag,diag_PC39,0.09905335030395841,0.09905335030395841,0.12943291008089242,-0.028979725987219027,0.22708642659513584,1.8109992360848537e-05,0.5075412495237466,0.6931346276698004
diag,diag_PC40,0.2854252824076129,0.2854252824076129,0.0005670936239514646,0.12313101833110204,0.4477195464841237,0.00023564958838995231,0.5159283382459416,0.6929838407121527
diag,diag_PC41,-0.28245401695341127,0.28245401695341127,8.017737822085813e-05,-0.42281862574180334,-0.1420894081650192,0.0004937955889227075,0.4958174875684059,0.6928049075397106
diag,diag_PC42,0.11332681317961238,0.11332681317961238,0.10699535625814116,-0.024476216926259203,0.25112984328548393,0.0001294654506133197,0.49395488011275723,0.6930574419478728
diag,diag_PC43,-0.37240563851331404,0.37240563851331404,4.898506156258975e-08,-0.5062001621556624,-0.23861111487096565,0.000588331760172256,0.5221124085317672,0.692739380059148
diag,diag_PC44,0.23217945571842022,0.23217945571842022,0.0015975582426090984,0.08800835730566636,0.3763505541311741,0.0003246412649157149,0.5116175643202531,0.6929221563824756
diag,diag_PC45,-0.12871618635242255,0.12871618635242255,0.09404995116222725,-0.2793840774253472,0.02195170472050212,7.346226416804491e-05,0.5007730796112057,0.6930962603986597
diag,diag_PC46,0.004554838692754849,0.004554838692754849,0.9449357641095051,-0.1247013976019981,0.1338110749875078,7.345706736550106e-06,0.5122027542764807,0.6931420889040316
diag,diag_PC47,0.08666361156970669,0.08666361156970669,0.20400533190035208,-0.04705997365088603,0.2203871967902994,7.828877640947418e-06,0.4840248066809022,0.6931417539954815
diag,diag_PC48,0.1397167612820139,0.1397167612820139,0.03803120547856276,0.00771530556713293,0.2717182169968949,0.00021801137860710806,0.497470643031018,0.6929960665875338
diag,diag_PC49,-0.00629531972942902,0.00629531972942902,0.934863755099786,-0.15727034911246893,0.1446797096536109,2.4794050502707776e-05,0.5018155372261772,0.6931299946337447
diag,diag_PC50,-0.10392571739118306,0.10392571739118306,0.15098413969784374,-0.2457660443672493,0.037914609584883185,1.4497730202012171e-05,0.5031656622465444,0.6931371314991313
diag,diag_PC51,-0.12790436050594473,0.12790436050594473,0.0711508035051065,-0.2668273204776464,0.01101859946575695,0.00039596369335170856,0.4972704710897292,0.6928727194422944
diag,diag_PC52,0.04274497747290574,0.04274497747290574,0.5474909064165809,-0.09653373942530394,0.1820236943711154,6.747937950801752e-05,0.5042892942811605,0.6931004074182934
diag,diag_PC53,7.295756519845722e-05,7.295756519845722e-05,0.9992014631060153,-0.14280610111577366,0.14295201624617057,2.2947069700185452e-05,0.5107270453479069,0.6931312748632805
diag,diag_PC54,0.029206793320671384,0.029206793320671384,0.6858949512482293,-0.11233712537496085,0.17075071201630362,7.426906910801279e-06,0.510927701199485,0.6931420326203598
diag,diag_PC55,0.05000514167009729,0.05000514167009729,0.4853946233096029,-0.09047928457943613,0.1904895679196307,7.937506732669242e-05,0.5076367574886649,0.693092161955821
diag,diag_PC56,-0.32318135632845646,0.32318135632845646,2.5806839558883965e-05,-0.4737167900166953,-0.1726459226402176,0.00038250437158460215,0.5046255828362534,0.6928820487332296
diag,diag_PC57,0.11593556024595114,0.11593556024595114,0.1082046189972019,-0.025525078198500917,0.2573961986904032,1.7976030830202383e-05,0.5174659677838256,0.6931347205248577
diag,diag_PC58,0.07450364529037999,0.07450364529037999,0.3076320501434824,-0.06863030088598891,0.21763759146674888,0.00017561282014000312,0.5045571095303376,0.6930254550287951
diag,diag_PC59,-0.26810540155871826,0.26810540155871826,0.0004279117798935417,-0.41728960940591553,-0.11892119371152099,0.0002099801784269939,0.510633338264318,0.6930016333912952
diag,diag_PC60,0.2963326125790913,0.2963326125790913,0.0005330932758382811,0.12864736010512118,0.4640178650530615,0.00034614264405252726,0.4952823608880428,0.6929072527621487
diag,diag_PC61,0.06543759327835558,0.06543759327835558,0.3730785862625008,-0.07855413801952107,0.20942932457623223,4.1617180280284494e-05,0.49422248097129984,0.6931183337287712
diag,diag_PC62,-0.2066391955568011,0.2066391955568011,0.025707752546164198,-0.3882066118913011,-0.025071779222301083,0.0001596349648007589,0.48368108030215606,0.6930365300341749
diag,diag_PC63,0.042752050927480675,0.042752050927480675,0.6006631195185685,-0.11732791811960432,0.20283201997456568,4.3803240188489134e-05,0.48891229141322623,0.6931168184675093
diag,diag_PC64,-0.07901551861970003,0.07901551861970003,0.33615913962426314,-0.2400384655729642,0.08200742833356413,1.9180779468386255e-05,0.4983056777071718,0.6931338854567358
diag,diag_PC65,0.024493383533345063,0.024493383533345063,0.7626984234598271,-0.13450123588087695,0.1834880029475671,2.121519419517881e-05,0.4996565806592696,0.6931324753079039
diag,diag_PC66,-0.10077598370241417,0.10077598370241417,0.20721706600332812,-0.25738087786934694,0.05582891046451863,0.00011641541820539558,0.4933658847227684,0.6930664875410425
diag,diag_PC67,-0.019961198115198805,0.019961198115198805,0.7987717328379491,-0.17342531209218728,0.13350291586178967,0.0,0.5,0.6931471805599453
diag,diag_PC68,-0.16907531509446783,0.16907531509446783,0.03843510008653461,-0.32914854748346845,-0.009002082705467235,0.0001811550116117555,0.5212330057138167,0.6930216134744023
diag,diag_PC69,0.00977788056476848,0.00977788056476848,0.9058777517383387,-0.15230409280946586,0.1718598539390028,9.845694332377697e-06,0.5067013879955946,0.6931403560446782
diag,diag_PC70,0.0672358030278821,0.0672358030278821,0.4465229664987129,-0.10588142404225492,0.24035303009801912,0.0,0.5,0.6931471805599453
diag,diag_PC71,-0.2123719040176526,0.2123719040176526,0.013631515189789223,-0.38110604438000006,-0.04363776365530517,8.446952854568313e-05,0.5020887030530452,0.6930886307443906
diag,diag_PC72,0.05473345799447986,0.05473345799447986,0.522430311460583,-0.11299032646549977,0.22245724245445947,0.0,0.5,0.6931471805599453
diag,diag_PC73,-0.0001004271733007421,0.0001004271733007421,0.999077681402537,-0.1703803652266136,0.1701795108800121,6.6422255579068334e-06,0.505143010038382,0.6931425765200272
diag,diag_PC74,0.19840974399018846,0.19840974399018846,0.017423184470692465,0.03485615725525154,0.3619633307251254,0.00022367516182664193,0.5157029983755315,0.6929921407521639
diag,diag_PC75,-0.05457781872937829,0.05457781872937829,0.557680712597179,-0.23703314307051637,0.1278775056117598,8.026457127252584e-05,0.509480686925969,0.6930915453986689
diag,diag_PC76,0.017193180360282542,0.017193180360282542,0.8481036316542552,-0.15874215659140145,0.19312851731196656,5.009218161666773e-05,0.5038608208159829,0.6931124593054896
diag,diag_PC77,0.00013438573927984103,0.00013438573927984103,0.9988131298891374,-0.1769348605410299,0.17720363201958958,0.0,0.5,0.6931471805599453
diag,diag_PC78,-0.07627120318306929,0.07627120318306929,0.4139313441492929,-0.2592469815973845,0.10670457523124594,2.6280491904673298e-05,0.5076184791557175,0.6931289643110778
diag,diag_PC79,0.00024127760936498921,0.00024127760936498921,0.9979439775784076,-0.18327813103137716,0.18376068625010714,0.0,0.5,0.6931471805599453
diag,diag_PC80,0.05597682152393231,0.05597682152393231,0.5479519663256167,-0.12662622787683142,0.238579870924696,6.621488640579098e-05,0.48897732221809775,0.693101283898122
diag,diag_PC81,-0.0961354819711714,0.0961354819711714,0.44329569258778,-0.34191449230474164,0.1496435283623988,0.0003434509914382877,0.5007704778277207,0.6929091184735693
diag,diag_PC82,-0.00032002339500981577,0.00032002339500981577,0.9973930449994788,-0.1922932780347275,0.1916532312447079,1.52589289147409e-05,0.5003253707120342,0.6931366038763896
diag,diag_PC83,0.10829416230040231,0.10829416230040231,0.263083482891747,-0.08136550376370208,0.2979538283645067,0.0,0.5,0.6931471805599453
diag,diag_PC84,0.00013496416211675912,0.00013496416211675912,0.9988435539578016,-0.18237485877648504,0.18264478710071855,0.0,0.5,0.6931471805599453
diag,diag_PC85,0.0850261864179454,0.0850261864179454,0.3578024803061042,-0.09620148382151564,0.2662538566574064,0.00016051954782181355,0.5022166023801036,0.6930359168879479
diag,diag_PC86,-0.22584556785346538,0.22584556785346538,0.014352505478851807,-0.40664164744855635,-0.045049488258374376,0.00025336044699164617,0.4932212874280107,0.6929715644804476
diag,diag_PC87,-0.05793148755686958,0.05793148755686958,0.5450169370390907,-0.2455332865681718,0.12967031145443264,1.6622450432435265e-05,0.5036783743860771,0.693135658755294
diag,diag_PC88,-0.000319015847732986,0.000319015847732986,0.9974233357996498,-0.19393757625966107,0.19329954456419512,0.0,0.5,0.6931471805599453
diag,diag_PC89,0.0792627874848108,0.0792627874848108,0.4328835097816319,-0.1188250763332864,0.27735065130290804,0.0,0.5,0.6931471805599453
diag,diag_PC90,-0.005552460926798862,0.005552460926798862,0.9565252505206239,-0.20518285329862143,0.1940779314450237,3.964575203452281e-05,0.49997842234832474,0.6931197002187014
diag,diag_PC91,3.492567954783095e-05,3.492567954783095e-05,0.9997511213621595,-0.2194226331045664,0.21949248446366204,0.0,0.5,0.6931471805599453
diag,diag_PC92,0.00012099052567491125,0.00012099052567491125,0.9990269632298538,-0.19433230639774837,0.1945742874490982,5.4928490653693984e-06,0.5012957609152398,0.6931433732071024
diag,diag_PC93,0.2339468115308557,0.2339468115308557,0.01789734170559698,0.04029135942020076,0.42760226364151066,0.00013354197832182724,0.4896115616887612,0.6930546163141851
diag,diag_PC94,0.014089042384334874,0.014089042384334874,0.8910437805491529,-0.187499669674122,0.21567775444279172,1.1528235329461012e-05,0.500310502721536,0.6931391897961299
diag,diag_PC95,-0.001947122833964343,0.001947122833964343,0.985153408117029,-0.20703255973647292,0.20313831406854424,1.5641093568885545e-05,0.4970324010097186,0.6931363389800371
diag,diag_PC96,-0.14501967933017976,0.14501967933017976,0.1689618023531343,-0.35165382457632793,0.06161446591596842,4.956925670307477e-05,0.5029716295342088,0.6931128217694191
diag,diag_PC97,-8.238750897172185e-05,8.238750897172185e-05,0.9993693594718052,-0.2043844526081445,0.20421967759020107,0.0,0.5,0.6931471805599453
diag,diag_PC98,-0.0807220709558959,0.0807220709558959,0.447602420381076,-0.28905780019425964,0.12761365828246787,6.667117801462119e-05,0.49488237534409696,0.6931009676208798
diag,diag_PC99,0.2819273599025014,0.2819273599025014,0.00417273957328379,0.089048204869065,0.4748065149359378,0.00019115880197717594,0.49593606243422805,0.6930146793753156
diag,diag_PC100,-0.00010998301861718696,0.00010998301861718696,0.9991683628353858,-0.20692638323554363,0.20670641719830923,8.85515838955353e-06,0.5085708972983105,0.6931410426318741
diag,diag_PC101,-0.00027961182182550725,0.00027961182182550725,0.9979626185153598,-0.2149024873543843,0.21434326371073328,0.0,0.5,0.6931471805599453
diag,diag_PC102,0.0498794043462736,0.0498794043462736,0.6437794303087232,-0.16153601187848518,0.26129482057103237,5.90486224050224e-06,0.49785040388132806,0.6931430876213317
diag,diag_PC103,-0.13247545782839198,0.13247545782839198,0.23052127054031635,-0.3490270317144414,0.08407611605765739,2.755431217504878e-05,0.5088062721817739,0.6931280813661489
diag,diag_PC104,-0.00017493932848232341,0.00017493932848232341,0.9987341604765687,-0.2162984076745819,0.21594852901761727,0.0,0.5,0.6931471805599453
diag,diag_PC105,0.028073662013860353,0.028073662013860353,0.7935698242948055,-0.1822001895775387,0.2383475136052594,0.0,0.5,0.6931471805599453
diag,diag_PC106,0.29793533352073837,0.29793533352073837,0.006045466065459637,0.08523188876723739,0.5106387782742393,0.00010930017480259568,0.49186076139915,0.6930714194519462
diag,diag_PC107,-2.6689907000172872e-05,2.6689907000172872e-05,0.9998037847896797,-0.2127463806868952,0.21269300087289486,0.0,0.5,0.6931471805599453
diag,diag_PC108,-0.05166830592429544,0.05166830592429544,0.6462885384621999,-0.27233467295665736,0.16899806110806648,0.0,0.5,0.6931471805599453
diag,diag_PC109,0.018726941513194737,0.018726941513194737,0.8629128825382142,-0.19384686563254688,0.23130074865893635,2.1946452435583907e-05,0.48448905275479714,0.6931319684383163
diag,diag_PC110,0.00023861182424146228,0.00023861182424146228,0.9983699167532081,-0.22867687871020845,0.22915410235869135,0.0,0.5,0.6931471805599453
diag,diag_PC111,0.0003530567047356409,0.0003530567047356409,0.9976314374741351,-0.23275231352332915,0.23345842693280044,0.0,0.5,0.6931471805599453
diag,diag_PC112,0.002536056399155212,0.002536056399155212,0.9826112240589622,-0.22552378572276488,0.23059589852107532,0.0,0.5,0.6931471805599453
diag,diag_PC113,0.010062622322774266,0.010062622322774266,0.9278227171187003,-0.20766339403626227,0.22778863868181082,0.0,0.5,0.6931471805599453
diag,diag_PC114,-0.0009456700170746439,0.0009456700170746439,0.9935569773829345,-0.23047519131212832,0.228583851277979,2.271054922309279e-05,0.49332224704049044,0.6931314388067823
diag,diag_PC115,-9.557624447277726e-05,9.557624447277726e-05,0.9993474772965592,-0.22915469915591585,0.22896354666697027,0.0,0.5,0.6931471805599453
diag,diag_PC116,0.10140725108923176,0.10140725108923176,0.3746965903904744,-0.12249060087806019,0.3253051030565237,0.0,0.5,0.6931471805599453
diag,diag_PC117,-0.07291855535205104,0.07291855535205104,0.528301914701766,-0.29955857940664815,0.1537214687025461,3.989625520839368e-05,0.4947155350210164,0.6931195265831327
diag,diag_PC118,0.12523263819233701,0.12523263819233701,0.2888037023574328,-0.1061636455414742,0.35662892192614826,0.00012204223034573136,0.49921286555134536,0.6930625873320719
diag,diag_PC119,0.013213793837949715,0.013213793837949715,0.9154878952501297,-0.23084102988538974,0.25726861756128916,0.0,0.5,0.6931471805599453
diag,diag_PC120,-0.0002441150553892026,0.0002441150553892026,0.9984755732402752,-0.25067105328124256,0.2501828231704642,1.924928840857376e-05,0.49491950167653476,0.6931338379699571
diag,diag_PC121,-0.00039102282603107534,0.00039102282603107534,0.9975066450123737,-0.2456419147509671,0.24485986909890498,1.6094791859044832e-05,0.5077897742099092,0.6931360245003465
diag,diag_PC122,-0.0003460094934194366,0.0003460094934194366,0.9977874353264093,-0.2449056521216706,0.24421363313483174,0.0,0.5,0.6931471805599453
diag,diag_PC123,-3.963260417012814e-05,3.963260417012814e-05,0.9997427630074753,-0.24098161872583185,0.24090235351749162,0.0,0.5,0.6931471805599453
diag,diag_PC124,0.0001658280643736974,0.0001658280643736974,0.9989651247497837,-0.2504238719384846,0.250755528067232,0.0,0.5,0.6931471805599453
diag,diag_PC125,0.03131589454284999,0.03131589454284999,0.8028700769310004,-0.2145586200612899,0.2771904091469899,0.0,0.5,0.6931471805599453
diag,diag_PC126,-0.00017169130955673657,0.00017169130955673657,0.9989325495727468,-0.25170399903628626,0.2513606164171728,4.1678165619951635e-05,0.506185475310162,0.6931182914569549
diag,diag_PC127,0.131495056473466,0.131495056473466,0.283812262935192,-0.10896864774679929,0.37195876069373124,0.00017671409729103082,0.500591502994731,0.6930246916816428
diag,diag_PC128,-0.0234672946960925,0.0234672946960925,0.8514097662762306,-0.26901288887799824,0.22207829948581323,0.0,0.5,0.6931471805599453
diag,diag_PC129,-0.4806902099517194,0.4806902099517194,0.00022404194609526584,-0.7359871170238625,-0.22539330287957632,0.00033321500243999047,0.49949115225165297,0.6929162135204837
diag,diag_PC130,0.09305803018452267,0.09305803018452267,0.4623522799398594,-0.15510177641679052,0.3412178367858359,6.175098259231238e-05,0.5040980639606893,0.6931043780404647
diag,diag_PC131,0.000192634243637478,0.000192634243637478,0.9987923150040114,-0.24925130858239156,0.2496365770696665,0.0,0.5,0.6931471805599453
diag,diag_PC132,-0.11420214018489018,0.11420214018489018,0.3983627504363141,-0.3792362256024844,0.15083194523270405,9.02640229802909e-05,0.5006920506709203,0.6930846143069105
diag,diag_PC133,-0.22265807496641316,0.22265807496641316,0.09759689767457669,-0.4860884519753421,0.04077230204251581,0.0001426335845454707,0.4963109550857746,0.6930483144929644
diag,diag_PC134,0.00021444405801679593,0.00021444405801679593,0.9987757193080604,-0.2737070762121797,0.2741359643282133,0.0,0.5,0.6931471805599453
diag,diag_PC135,0.06925167162525234,0.06925167162525234,0.6060054652689923,-0.1939056810308656,0.3324090242813703,2.0163228817926537e-05,0.49274501250816216,0.6931332044747391
diag,diag_PC136,-0.005518982656284417,0.005518982656284417,0.9661655459134983,-0.2605323463672769,0.24949438105470806,2.7212752882088687e-05,0.5016535145669248,0.6931283181170098
diag,diag_PC137,0.31138758072604256,0.31138758072604256,0.016475088365595747,0.05690486887049906,0.565870292581586,0.0001088675584901555,0.5093593984872596,0.6930717193187234
diag,diag_PC138,0.10368824745813557,0.10368824745813557,0.42164549099650017,-0.14921728275586818,0.3565937776721393,0.0,0.5,0.6931471805599453
diag,diag_PC139,-0.1182774216592938,0.1182774216592938,0.3731267350218457,-0.37856643304086285,0.1420115897222753,0.0,0.5,0.6931471805599453
diag,diag_PC140,0.09314439785112835,0.09314439785112835,0.4771874951874788,-0.16368308517459282,0.3499718808768495,0.0,0.5,0.6931471805599453
diag,diag_PC141,-0.1468604693366929,0.1468604693366929,0.28103753747978155,-0.41387890723944315,0.12015796856605737,0.00013536511132372642,0.5090110336140012,0.693053352614685
diag,diag_PC142,0.032668263915929315,0.032668263915929315,0.803815311403647,-0.2250860140447279,0.2904225418765865,3.0363935076715975e-05,0.4895060141167044,0.6931261338839562
diag,diag_PC143,0.39812679356575853,0.39812679356575853,0.001751317209413683,0.14878619835759946,0.6474673887739176,0.00020970452663848782,0.4826628963010878,0.6930018244585552
diag,diag_PC144,0.00027115775447713035,0.00027115775447713035,0.9984050207091832,-0.2655931259942393,0.2661354415031935,0.0,0.5,0.6931471805599453
diag,diag_PC145,0.07326943164869092,0.07326943164869092,0.609249908369911,-0.20768252613009713,0.354221389427479,0.0,0.5,0.6931471805599453
diag,diag_PC146,-0.15550697199596777,0.15550697199596777,0.2927820894691888,-0.4452214340217523,0.13420749002981672,2.5812407266956328e-05,0.49788717340649563,0.6931292887626247
diag,diag_PC147,0.30251940862351573,0.30251940862351573,0.034273840713969994,0.02241919729698233,0.5826196199500491,4.18828756950651e-05,0.49577387438791476,0.6931181495627435
diag,diag_PC148,-0.011726950682905538,0.011726950682905538,0.9366188391078478,-0.3007687772032705,0.27731487583745945,3.364018866114371e-05,0.4970949770418258,0.6931238629580213
diag,diag_PC149,0.00015229417962142898,0.00015229417962142898,0.999265383622334,-0.32404989655456307,0.3243544849138059,6.266746361005548e-05,0.4929364893778629,0.6931037427842311
diag,diag_PC150,0.2756150455590853,0.2756150455590853,0.10878744528451811,-0.06123645716750925,0.6124665482856798,0.00015687682450271634,0.5024945215536094,0.693038441831346
diag,diag_PC151,0.05648585831720449,0.05648585831720449,0.719349503883284,-0.251621009448384,0.364592726082793,0.0001023836649786114,0.5043780183138605,0.69307621361123
diag,diag_PC152,-0.20998262789647215,0.20998262789647215,0.16471386736180094,-0.5061993159326312,0.08623406013968687,8.834391088796689e-05,0.4992628430709559,0.6930859452271937
diag,diag_PC153,-0.07679050418206018,0.07679050418206018,0.6029596978617344,-0.36614657415605273,0.21256556579193236,5.9428698359398346e-05,0.5068253655054045,0.6931059877252331
diag,diag_PC154,-0.0013966795515764584,0.0013966795515764584,0.9924175441874954,-0.2894505112671562,0.2866571521640033,0.0,0.5,0.6931471805599453
diag,diag_PC155,0.0001201662088025427,0.0001201662088025427,0.999354674217388,-0.2910833418839737,0.29132367430157885,0.0,0.5,0.6931471805599453
diag,diag_PC156,-0.00015244803259353867,0.00015244803259353867,0.9991952789452498,-0.29641017956825055,0.2961052835030634,0.0,0.5,0.6931471805599453
diag,diag_PC157,0.2983631845004257,0.2983631845004257,0.047994962073022895,0.0026328730839768055,0.5940934959168747,0.00013826793851690056,0.49935270184265684,0.6930513405282005
diag,diag_PC158,0.000346244079817934,0.000346244079817934,0.9981765593646688,-0.2966039795621124,0.2972964677217482,0.0,0.5,0.6931471805599453
diag,diag_PC159,0.00017726353794046476,0.00017726353794046476,0.9990502655993787,-0.29170684353293774,0.29206137060881865,0.0,0.5,0.6931471805599453
diag,diag_PC160,0.00036456381802235145,0.00036456381802235145,0.9980653245459856,-0.29432063551468807,0.2950497631507328,4.623237172063366e-05,0.49670105722147284,0.6931151347218365
diag,diag_PC161,0.07827099144438295,0.07827099144438295,0.6052640943461034,-0.21854895224711796,0.3750909351358838,2.7259679293289985e-05,0.5090050903993424,0.6931282855901002
diag,diag_PC162,-0.19887657459287844,0.19887657459287844,0.18734229447700934,-0.49451459632292044,0.09676144713716356,2.2530696577871545e-05,0.5027129090420168,0.6931315634711362
diag,diag_PC163,-0.12592774415295116,0.12592774415295116,0.43210592906259593,-0.440106055052484,0.1882505667465817,3.7332226293096404e-05,0.5075437088905959,0.6931213038325462
diag,diag_PC164,-0.009922009329715143,0.009922009329715143,0.9506243639786205,-0.3239748717459638,0.3041308530865335,2.4781553695008007e-05,0.4836231381704761,0.6931300032958717
diag,diag_PC165,-2.8276066105444603e-05,2.8276066105444603e-05,0.99985152210626,-0.2978459688256546,0.2977894166934437,1.5118641349509687e-05,0.5030590718171872,0.69313670111632
diag,diag_PC166,0.016766023458203955,0.016766023458203955,0.9197028563579233,-0.30921190510135727,0.34274395201776514,1.6629181714189478e-05,0.5094181277388403,0.693135654089525
diag,diag_PC167,-0.00018330673412024717,0.00018330673412024717,0.9991090185081466,-0.32192174848340754,0.321555135015167,5.207346426661097e-05,0.502329999712104,0.6931110859850069
diag,diag_PC168,0.08162012077628705,0.08162012077628705,0.6102631216585499,-0.23224082742342167,0.3954810689759958,1.510382769320806e-05,0.4951125037824633,0.6931367113843641
diag,diag_PC169,0.08707046281298542,0.08707046281298542,0.646831458507569,-0.28540586887287855,0.4595467944988494,0.0,0.5,0.6931471805599453
diag,diag_PC170,-0.20632481828277294,0.20632481828277294,0.24798755187515753,-0.5563719133537262,0.14372227678818028,0.0001856408526540454,0.503414624902146,0.6930185041263314
diag,diag_PC171,0.08258481904677045,0.08258481904677045,0.6084524319440019,-0.23338276510975192,0.3985524032032928,0.0,0.5,0.6931471805599453
diag,diag_PC172,0.20852314633576483,0.20852314633576483,0.20517207182222585,-0.11406234724698547,0.5311086399185151,5.545666456363563e-05,0.5002822567554489,0.6931087409292598
diag,diag_PC173,-0.33725438735443425,0.33725438735443425,0.07194188547310709,-0.704585835733552,0.03007706102468355,0.00011885848151738099,0.48776284674622394,0.6930647941385959
diag,diag_PC174,-0.2438887180072914,0.2438887180072914,0.1476612268373927,-0.5740460565225887,0.08626862050800588,0.00012959398885914464,0.5048406043917002,0.69305735285195
diag,diag_PC175,0.0002527493894426683,0.0002527493894426683,0.9987324629522532,-0.3115806131409408,0.3120861119198261,0.0,0.5,0.6931471805599453
diag,diag_PC176,0.004287884724363052,0.004287884724363052,0.979075071903946,-0.3161343470631571,0.32471011651188314,6.87008311082149e-05,0.49903421842975404,0.6930995607725605
diag,diag_PC177,4.245099558661704e-05,4.245099558661704e-05,0.9997926545316862,-0.320131971077846,0.3202168730690193,0.0,0.5,0.6931471805599453
diag,diag_PC178,-5.276629208645671e-06,5.276629208645671e-06,0.9999751210734085,-0.3316844829641789,0.33167392970576165,0.0,0.5,0.6931471805599453
diag,diag_PC179,0.01634204703251818,0.01634204703251818,0.9219745553213281,-0.31067435503849944,0.3433584491035358,0.0,0.5,0.6931471805599453
diag,diag_PC180,-0.08700421477666495,0.08700421477666495,0.605934936225931,-0.4175567764279484,0.24354834687461854,3.636286690822388e-05,0.49121681922091665,0.6931219757412708
diag,diag_PC181,0.16419471096038346,0.16419471096038346,0.3138407677759556,-0.15532467338850026,0.4837140953092672,3.869805305989349e-05,0.49693904154522966,0.6931203571135737
diag,diag_PC182,-0.18310082389888907,0.18310082389888907,0.29445746835466347,-0.5254094620703431,0.159207814272565,2.9275425489028173e-05,0.5103523824006115,0.6931268883813079
diag,diag_PC183,0.0011205053865227135,0.0011205053865227135,0.9949291134393066,-0.34443708491560815,0.34667809568865354,2.8450226401299794e-05,0.49180855268557955,0.6931274603657289
diag,diag_PC184,-0.000417343017528439,0.000417343017528439,0.9981048872501093,-0.3448077115153363,0.3439730254802794,2.5112885453149048e-05,0.5080468086728974,0.6931297736341977
diag,diag_PC185,0.0003303094557222404,0.0003303094557222404,0.9985374688835917,-0.3528601433149935,0.353520762226438,0.0,0.5,0.6931471805599453
diag,diag_PC186,-0.09324525368918464,0.09324525368918464,0.6260263528981964,-0.46826907618837404,0.2817785688100048,2.3551199615390317e-05,0.4896222842832064,0.693130856112333
diag,diag_PC187,-0.3039445246276262,0.3039445246276262,0.08648563158452927,-0.6514593576859473,0.043570308430694926,0.00014815562241843327,0.4919076134095829,0.6930444869079818
diag,diag_PC188,-0.2570090943562785,0.2570090943562785,0.16254349756317787,-0.6177015106494391,0.10368332193688212,0.0002534515183824082,0.49442078924543065,0.6929715013545699
diag,diag_PC189,-0.00018819157364215376,0.00018819157364215376,0.9991350562855112,-0.34044400090450555,0.3400676177572213,0.0,0.5,0.6931471805599453
diag,diag_PC190,0.17398754436033495,0.17398754436033495,0.3145350951297179,-0.16507462237867318,0.513049711099343,2.5342886920687313e-05,0.5057026216605596,0.693129614209329
diag,diag_PC191,2.5906078969241904e-05,2.5906078969241904e-05,0.9998812159453541,-0.34103885076894486,0.34109066292688334,0.0,0.5,0.6931471805599453
diag,diag_PC192,0.00013335103864371556,0.00013335103864371556,0.9993812208262465,-0.3368853326512402,0.3371520347285276,0.0,0.5,0.6931471805599453
diag,diag_PC193,0.001922451741066292,0.001922451741066292,0.9911993406966284,-0.3396829571121103,0.3435278605942429,0.0,0.5,0.6931471805599453
diag,diag_PC194,5.3981683860256384e-05,5.3981683860256384e-05,0.9997534382488735,-0.34233046014566126,0.34243842351338183,0.0,0.5,0.6931471805599453
diag,diag_PC195,-0.0012964487303820686,0.0012964487303820686,0.9941326127244694,-0.34683776626815405,0.34424486880738986,1.917386628147444e-05,0.4958339941158959,0.6931338902485918
diag,diag_PC196,-4.782013416401936e-05,4.782013416401936e-05,0.9997852952433541,-0.3483549992972257,0.3482593590288976,3.3894475269913293e-05,0.4909908392413267,0.6931236866999754
diag,diag_PC197,-9.739719040735703e-05,9.739719040735703e-05,0.9995575637935381,-0.3443593706482705,0.3441645762674558,0.0,0.5,0.6931471805599453
diag,diag_PC198,0.07570651082978054,0.07570651082978054,0.6682490731160053,-0.2705376124960713,0.42195063415563233,2.1818628145986452e-05,0.499928553555393,0.6931320570393622
diag,diag_PC199,0.0017348389555206895,0.0017348389555206895,0.9920077478328446,-0.3377153320037337,0.3411850099147751,1.6642500978325536e-05,0.49476912961690234,0.6931356448573147
